time_iso8601,forks_cumulative
2023-03-16 00:00:00+00:00,1
2023-03-17 00:00:00+00:00,2
2023-03-18 00:00:00+00:00,4
2023-03-20 00:00:00+00:00,5
2023-03-28 00:00:00+00:00,7
2023-03-29 00:00:00+00:00,10
2023-03-30 00:00:00+00:00,13
2023-03-31 00:00:00+00:00,17
2023-04-01 00:00:00+00:00,23
2023-04-02 00:00:00+00:00,99
2023-04-03 00:00:00+00:00,346
2023-04-04 00:00:00+00:00,581
2023-04-05 00:00:00+00:00,838
2023-04-06 00:00:00+00:00,1117
2023-04-07 00:00:00+00:00,1418
2023-04-08 00:00:00+00:00,1691
2023-04-09 00:00:00+00:00,1937
2023-04-10 00:00:00+00:00,2250
2023-04-11 00:00:00+00:00,2659
2023-04-12 00:00:00+00:00,3603
2023-04-13 00:00:00+00:00,5275
2023-04-14 00:00:00+00:00,7169
2023-04-15 00:00:00+00:00,8453
2023-04-16 00:00:00+00:00,9506
2023-04-17 00:00:00+00:00,10845
2023-04-18 00:00:00+00:00,11763
2023-04-19 00:00:00+00:00,12426
2023-04-20 00:00:00+00:00,13013
2023-04-21 00:00:00+00:00,13511
2023-04-22 00:00:00+00:00,13917
2023-04-23 00:00:00+00:00,14522
2023-04-24 00:00:00+00:00,15817
2023-04-25 00:00:00+00:00,16787
2023-04-26 00:00:00+00:00,17400
2023-04-27 00:00:00+00:00,18222
2023-04-28 00:00:00+00:00,18722
2023-04-29 00:00:00+00:00,19019
2023-04-30 00:00:00+00:00,19291
2023-05-01 00:00:00+00:00,19564
2023-05-02 00:00:00+00:00,19837
2023-05-03 00:00:00+00:00,20142
2023-05-04 00:00:00+00:00,20472
2023-05-05 00:00:00+00:00,20754
2023-05-06 00:00:00+00:00,21043
2023-05-07 00:00:00+00:00,21265
2023-05-08 00:00:00+00:00,21487
2023-05-09 00:00:00+00:00,21677
2023-05-10 00:00:00+00:00,21869
2023-05-11 00:00:00+00:00,22028
2023-05-12 00:00:00+00:00,22171
2023-05-13 00:00:00+00:00,22285
2023-05-14 00:00:00+00:00,22416
2023-05-15 00:00:00+00:00,22559
2023-05-16 00:00:00+00:00,22692
2023-05-17 00:00:00+00:00,22821
2023-05-18 00:00:00+00:00,22946
2023-05-19 00:00:00+00:00,23059
2023-05-20 00:00:00+00:00,23153
2023-05-21 00:00:00+00:00,23231
2023-05-22 00:00:00+00:00,23396
2023-05-23 00:00:00+00:00,23510
2023-05-24 00:00:00+00:00,23619
2023-05-25 00:00:00+00:00,23738
2023-05-26 00:00:00+00:00,23851
2023-05-27 00:00:00+00:00,23932
2023-05-28 00:00:00+00:00,23998
2023-05-29 00:00:00+00:00,24080
2023-05-30 00:00:00+00:00,24166
2023-05-31 00:00:00+00:00,24250
2023-06-01 00:00:00+00:00,24302
2023-06-02 00:00:00+00:00,24374
2023-06-03 00:00:00+00:00,24450
2023-06-04 00:00:00+00:00,24505
2023-06-05 00:00:00+00:00,24601
2023-06-06 00:00:00+00:00,24682
2023-06-07 00:00:00+00:00,24748
2023-06-08 00:00:00+00:00,24821
2023-06-09 00:00:00+00:00,24882
2023-06-10 00:00:00+00:00,24924
2023-06-11 00:00:00+00:00,24978
2023-06-12 00:00:00+00:00,25033
2023-06-13 00:00:00+00:00,25121
2023-06-14 00:00:00+00:00,25177
2023-06-15 00:00:00+00:00,25234
2023-06-16 00:00:00+00:00,25275
2023-06-17 00:00:00+00:00,25314
2023-06-18 00:00:00+00:00,25356
2023-06-19 00:00:00+00:00,25410
2023-06-20 00:00:00+00:00,25464
2023-06-21 00:00:00+00:00,25526
2023-06-22 00:00:00+00:00,25563
2023-06-23 00:00:00+00:00,25598
2023-06-24 00:00:00+00:00,25637
2023-06-25 00:00:00+00:00,25694
2023-06-26 00:00:00+00:00,25755
2023-06-27 00:00:00+00:00,25796
2023-06-28 00:00:00+00:00,25854
2023-06-29 00:00:00+00:00,25885
2023-06-30 00:00:00+00:00,25921
2023-07-01 00:00:00+00:00,25955
2023-07-02 00:00:00+00:00,25995
2023-07-03 00:00:00+00:00,26046
2023-07-04 00:00:00+00:00,26084
2023-07-05 00:00:00+00:00,26130
2023-07-06 00:00:00+00:00,26186
2023-07-07 00:00:00+00:00,26228
2023-07-08 00:00:00+00:00,26255
2023-07-09 00:00:00+00:00,26296
2023-07-10 00:00:00+00:00,26343
2023-07-11 00:00:00+00:00,26381
2023-07-12 00:00:00+00:00,26416
2023-07-13 00:00:00+00:00,26448
2023-07-14 00:00:00+00:00,26481
2023-07-15 00:00:00+00:00,26507
2023-07-16 00:00:00+00:00,26540
2023-07-17 00:00:00+00:00,26575
2023-07-18 00:00:00+00:00,26615
2023-07-19 00:00:00+00:00,26652
2023-07-20 00:00:00+00:00,26679
2023-07-21 00:00:00+00:00,26716
2023-07-22 00:00:00+00:00,26728
2023-07-23 00:00:00+00:00,26747
2023-07-24 00:00:00+00:00,26775
2023-07-25 00:00:00+00:00,26801
2023-07-26 00:00:00+00:00,26837
2023-07-27 00:00:00+00:00,26860
2023-07-28 00:00:00+00:00,26885
2023-07-29 00:00:00+00:00,26906
2023-07-30 00:00:00+00:00,26926
2023-07-31 00:00:00+00:00,26954
2023-08-01 00:00:00+00:00,26987
2023-08-02 00:00:00+00:00,27011
2023-08-03 00:00:00+00:00,27047
2023-08-04 00:00:00+00:00,27067
2023-08-05 00:00:00+00:00,27087
2023-08-06 00:00:00+00:00,27106
2023-08-07 00:00:00+00:00,27125
2023-08-08 00:00:00+00:00,27148
2023-08-09 00:00:00+00:00,27166
2023-08-10 00:00:00+00:00,27182
2023-08-11 00:00:00+00:00,27208
2023-08-12 00:00:00+00:00,27223
2023-08-13 00:00:00+00:00,27235
2023-08-14 00:00:00+00:00,27247
2023-08-15 00:00:00+00:00,27269
2023-08-16 00:00:00+00:00,27290
2023-08-17 00:00:00+00:00,27321
2023-08-18 00:00:00+00:00,27336
2023-08-19 00:00:00+00:00,27348
2023-08-20 00:00:00+00:00,27365
2023-08-21 00:00:00+00:00,27381
2023-08-22 00:00:00+00:00,27395
2023-08-23 00:00:00+00:00,27416
2023-08-24 00:00:00+00:00,27428
2023-08-25 00:00:00+00:00,27446
2023-08-26 00:00:00+00:00,27461
2023-08-27 00:00:00+00:00,27472
2023-08-28 00:00:00+00:00,27498
2023-08-29 00:00:00+00:00,27520
2023-08-30 00:00:00+00:00,27540
2023-08-31 00:00:00+00:00,27559
2023-09-01 00:00:00+00:00,27577
2023-09-02 00:00:00+00:00,27593
2023-09-03 00:00:00+00:00,27601
2023-09-04 00:00:00+00:00,27616
2023-09-05 00:00:00+00:00,27631
2023-09-06 00:00:00+00:00,27648
2023-09-07 00:00:00+00:00,27666
2023-09-08 00:00:00+00:00,27684
2023-09-09 00:00:00+00:00,27702
2023-09-10 00:00:00+00:00,27716
2023-09-11 00:00:00+00:00,27731
2023-09-12 00:00:00+00:00,27752
2023-09-13 00:00:00+00:00,27771
2023-09-14 00:00:00+00:00,27790
2023-09-15 00:00:00+00:00,27809
2023-09-16 00:00:00+00:00,27823
2023-09-17 00:00:00+00:00,27843
2023-09-18 00:00:00+00:00,27872
2023-09-19 00:00:00+00:00,27907
2023-09-20 00:00:00+00:00,27946
2023-09-21 00:00:00+00:00,27981
2023-09-22 00:00:00+00:00,28007
2023-09-23 00:00:00+00:00,28040
2023-09-24 00:00:00+00:00,28073
2023-09-25 00:00:00+00:00,28129
2023-09-26 00:00:00+00:00,28198
2023-09-27 00:00:00+00:00,28279
2023-09-28 00:00:00+00:00,28358
2023-09-29 00:00:00+00:00,28453
2023-09-30 00:00:00+00:00,28515
2023-10-01 00:00:00+00:00,28583
2023-10-02 00:00:00+00:00,28650
2023-10-03 00:00:00+00:00,28726
2023-10-04 00:00:00+00:00,28803
2023-10-05 00:00:00+00:00,28864
2023-10-06 00:00:00+00:00,28932
2023-10-07 00:00:00+00:00,29002
2023-10-08 00:00:00+00:00,29073
2023-10-09 00:00:00+00:00,29163
2023-10-10 00:00:00+00:00,29244
2023-10-11 00:00:00+00:00,29335
2023-10-12 00:00:00+00:00,29406
2023-10-13 00:00:00+00:00,29476
2023-10-14 00:00:00+00:00,29534
2023-10-15 00:00:00+00:00,29581
2023-10-16 00:00:00+00:00,29655
2023-10-17 00:00:00+00:00,29704
2023-10-18 00:00:00+00:00,29780
2023-10-19 00:00:00+00:00,29865
2023-10-20 00:00:00+00:00,29935
2023-10-21 00:00:00+00:00,29988
2023-10-22 00:00:00+00:00,30043
2023-10-23 00:00:00+00:00,30140
2023-10-24 00:00:00+00:00,30226
2023-10-25 00:00:00+00:00,30313
2023-10-26 00:00:00+00:00,30415
2023-10-27 00:00:00+00:00,30488
2023-10-28 00:00:00+00:00,30545
2023-10-29 00:00:00+00:00,30587
2023-10-30 00:00:00+00:00,30664
2023-10-31 00:00:00+00:00,30731
2023-11-01 00:00:00+00:00,30805
2023-11-02 00:00:00+00:00,30889
2023-11-03 00:00:00+00:00,30954
2023-11-04 00:00:00+00:00,31006
2023-11-05 00:00:00+00:00,31064
2023-11-06 00:00:00+00:00,31125
2023-11-07 00:00:00+00:00,31205
2023-11-08 00:00:00+00:00,31273
2023-11-09 00:00:00+00:00,31326
2023-11-10 00:00:00+00:00,31376
2023-11-11 00:00:00+00:00,31425
2023-11-12 00:00:00+00:00,31472
2023-11-13 00:00:00+00:00,31530
2023-11-14 00:00:00+00:00,31601
2023-11-15 00:00:00+00:00,31659
2023-11-16 00:00:00+00:00,31712
2023-11-17 00:00:00+00:00,31760
2023-11-18 00:00:00+00:00,31805
2023-11-19 00:00:00+00:00,31856
2023-11-20 00:00:00+00:00,31931
2023-11-21 00:00:00+00:00,32001
2023-11-22 00:00:00+00:00,32058
2023-11-23 00:00:00+00:00,32120
2023-11-24 00:00:00+00:00,32164
2023-11-25 00:00:00+00:00,32197
2023-11-26 00:00:00+00:00,32236
2023-11-27 00:00:00+00:00,32288
2023-11-28 00:00:00+00:00,32336
2023-11-29 00:00:00+00:00,32389
2023-11-30 00:00:00+00:00,32434
2023-12-01 00:00:00+00:00,32478
2023-12-02 00:00:00+00:00,32526
2023-12-03 00:00:00+00:00,32572
2023-12-04 00:00:00+00:00,32613
2023-12-05 00:00:00+00:00,32664
2023-12-06 00:00:00+00:00,32717
2023-12-07 00:00:00+00:00,32768
2023-12-08 00:00:00+00:00,32804
2023-12-09 00:00:00+00:00,32840
2023-12-10 00:00:00+00:00,32886
2023-12-11 00:00:00+00:00,32928
2023-12-12 00:00:00+00:00,32968
2023-12-13 00:00:00+00:00,33023
2023-12-14 00:00:00+00:00,33067
2023-12-15 00:00:00+00:00,33120
2023-12-16 00:00:00+00:00,33151
2023-12-17 00:00:00+00:00,33182
2023-12-18 00:00:00+00:00,33234
2023-12-19 00:00:00+00:00,33269
2023-12-20 00:00:00+00:00,33305
2023-12-21 00:00:00+00:00,33349
2023-12-22 00:00:00+00:00,33380
2023-12-23 00:00:00+00:00,33410
2023-12-24 00:00:00+00:00,33437
2023-12-25 00:00:00+00:00,33470
2023-12-26 00:00:00+00:00,33515
2023-12-27 00:00:00+00:00,33568
2023-12-28 00:00:00+00:00,33597
2023-12-29 00:00:00+00:00,33625
2023-12-30 00:00:00+00:00,33647
2023-12-31 00:00:00+00:00,33665
2024-01-01 00:00:00+00:00,33687
2024-01-02 00:00:00+00:00,33737
2024-01-03 00:00:00+00:00,33785
2024-01-04 00:00:00+00:00,33828
2024-01-05 00:00:00+00:00,33861
2024-01-06 00:00:00+00:00,33889
2024-01-07 00:00:00+00:00,33917
2024-01-08 00:00:00+00:00,33945
2024-01-09 00:00:00+00:00,33981
2024-01-10 00:00:00+00:00,34017
2024-01-11 00:00:00+00:00,34051
2024-01-12 00:00:00+00:00,34085
2024-01-13 00:00:00+00:00,34114
2024-01-14 00:00:00+00:00,34145
2024-01-15 00:00:00+00:00,34187
2024-01-16 00:00:00+00:00,34220
2024-01-17 00:00:00+00:00,34249
2024-01-18 00:00:00+00:00,34292
2024-01-19 00:00:00+00:00,34329
2024-01-20 00:00:00+00:00,34352
2024-01-21 00:00:00+00:00,34383
2024-01-22 00:00:00+00:00,34411
2024-01-23 00:00:00+00:00,34453
2024-01-24 00:00:00+00:00,34490
2024-01-25 00:00:00+00:00,34522
2024-01-26 00:00:00+00:00,34547
2024-01-27 00:00:00+00:00,34573
2024-01-28 00:00:00+00:00,34603
2024-01-29 00:00:00+00:00,34634
2024-01-30 00:00:00+00:00,34676
2024-01-31 00:00:00+00:00,34706
2024-02-01 00:00:00+00:00,34735
2024-02-02 00:00:00+00:00,34758
2024-02-03 00:00:00+00:00,34784
2024-02-04 00:00:00+00:00,34817
2024-02-05 00:00:00+00:00,34856
2024-02-06 00:00:00+00:00,34895
2024-02-07 00:00:00+00:00,34927
2024-02-08 00:00:00+00:00,34954
2024-02-09 00:00:00+00:00,34981
2024-02-10 00:00:00+00:00,35001
2024-02-11 00:00:00+00:00,35024
2024-02-12 00:00:00+00:00,35047
2024-02-13 00:00:00+00:00,35071
2024-02-14 00:00:00+00:00,35096
2024-02-15 00:00:00+00:00,35126
2024-02-16 00:00:00+00:00,35155
2024-02-17 00:00:00+00:00,35178
2024-02-18 00:00:00+00:00,35203
2024-02-19 00:00:00+00:00,35243
2024-02-20 00:00:00+00:00,35276
2024-02-21 00:00:00+00:00,35326
2024-02-22 00:00:00+00:00,35365
2024-02-23 00:00:00+00:00,35406
2024-02-24 00:00:00+00:00,35450
2024-02-25 00:00:00+00:00,35490
2024-02-26 00:00:00+00:00,35534
2024-02-27 00:00:00+00:00,35585
2024-02-28 00:00:00+00:00,35631
2024-02-29 00:00:00+00:00,35679
2024-03-01 00:00:00+00:00,35729
2024-03-02 00:00:00+00:00,35757
2024-03-03 00:00:00+00:00,35782
2024-03-04 00:00:00+00:00,35828
2024-03-05 00:00:00+00:00,35865
2024-03-06 00:00:00+00:00,35911
2024-03-07 00:00:00+00:00,35945
2024-03-08 00:00:00+00:00,35970
2024-03-09 00:00:00+00:00,35998
2024-03-10 00:00:00+00:00,36029
2024-03-11 00:00:00+00:00,36069
2024-03-12 00:00:00+00:00,36101
2024-03-13 00:00:00+00:00,36140
2024-03-14 00:00:00+00:00,36208
2024-03-15 00:00:00+00:00,36258
2024-03-16 00:00:00+00:00,36291
2024-03-17 00:00:00+00:00,36324
2024-03-18 00:00:00+00:00,36363
2024-03-19 00:00:00+00:00,36415
2024-03-20 00:00:00+00:00,36459
2024-03-21 00:00:00+00:00,36495
2024-03-22 00:00:00+00:00,36524
2024-03-23 00:00:00+00:00,36556
2024-03-24 00:00:00+00:00,36583
2024-03-25 00:00:00+00:00,36626
2024-03-26 00:00:00+00:00,36666
2024-03-27 00:00:00+00:00,36710
2024-03-28 00:00:00+00:00,36753
2024-03-29 00:00:00+00:00,36792
2024-03-30 00:00:00+00:00,36828
2024-03-31 00:00:00+00:00,36857
2024-04-01 00:00:00+00:00,36901
2024-04-02 00:00:00+00:00,36939
2024-04-03 00:00:00+00:00,36984
2024-04-04 00:00:00+00:00,37021
2024-04-05 00:00:00+00:00,37045
2024-04-06 00:00:00+00:00,37068
2024-04-07 00:00:00+00:00,37100
2024-04-08 00:00:00+00:00,37132
2024-04-09 00:00:00+00:00,37154
2024-04-10 00:00:00+00:00,37190
2024-04-11 00:00:00+00:00,37218
2024-04-12 00:00:00+00:00,37244
2024-04-13 00:00:00+00:00,37268
2024-04-14 00:00:00+00:00,37290
2024-04-15 00:00:00+00:00,37328
2024-04-16 00:00:00+00:00,37381
2024-04-17 00:00:00+00:00,37430
2024-04-18 00:00:00+00:00,37482
2024-04-19 00:00:00+00:00,37511
2024-04-20 00:00:00+00:00,37533
2024-04-21 00:00:00+00:00,37563
2024-04-22 00:00:00+00:00,37603
2024-04-23 00:00:00+00:00,37655
2024-04-24 00:00:00+00:00,37693
2024-04-25 00:00:00+00:00,37718
2024-04-26 00:00:00+00:00,37739
2024-04-27 00:00:00+00:00,37766
2024-04-28 00:00:00+00:00,37790
2024-04-29 00:00:00+00:00,37821
2024-04-30 00:00:00+00:00,37855
2024-05-01 00:00:00+00:00,37882
2024-05-02 00:00:00+00:00,37908
2024-05-03 00:00:00+00:00,37928
2024-05-04 00:00:00+00:00,37952
2024-05-05 00:00:00+00:00,37972
2024-05-06 00:00:00+00:00,37995
2024-05-07 00:00:00+00:00,38034
2024-05-08 00:00:00+00:00,38064
2024-05-09 00:00:00+00:00,38085
2024-05-10 00:00:00+00:00,38106
2024-05-11 00:00:00+00:00,38133
2024-05-12 00:00:00+00:00,38154
2024-05-13 00:00:00+00:00,38180
2024-05-14 00:00:00+00:00,38210
2024-05-15 00:00:00+00:00,38252
2024-05-16 00:00:00+00:00,38297
2024-05-17 00:00:00+00:00,38326
2024-05-18 00:00:00+00:00,38352
2024-05-19 00:00:00+00:00,38391
2024-05-20 00:00:00+00:00,38421
2024-05-21 00:00:00+00:00,38458
2024-05-22 00:00:00+00:00,38495
2024-05-23 00:00:00+00:00,38520
2024-05-24 00:00:00+00:00,38550
2024-05-25 00:00:00+00:00,38573
2024-05-26 00:00:00+00:00,38602
2024-05-27 00:00:00+00:00,38627
2024-05-28 00:00:00+00:00,38658
2024-05-29 00:00:00+00:00,38691
2024-05-30 00:00:00+00:00,38719
2024-05-31 00:00:00+00:00,38740
2024-06-01 00:00:00+00:00,38769
2024-06-02 00:00:00+00:00,38788
2024-06-03 00:00:00+00:00,38814
2024-06-04 00:00:00+00:00,38841
2024-06-05 00:00:00+00:00,38882
2024-06-06 00:00:00+00:00,38916
2024-06-07 00:00:00+00:00,38934
2024-06-08 00:00:00+00:00,38954
2024-06-09 00:00:00+00:00,38989
2024-06-10 00:00:00+00:00,39014
2024-06-11 00:00:00+00:00,39045
2024-06-12 00:00:00+00:00,39076
2024-06-13 00:00:00+00:00,39091
2024-06-14 00:00:00+00:00,39111
2024-06-15 00:00:00+00:00,39119
2024-06-16 00:00:00+00:00,39128
2024-06-17 00:00:00+00:00,39151
2024-06-18 00:00:00+00:00,39177
2024-06-19 00:00:00+00:00,39199
2024-06-20 00:00:00+00:00,39221
2024-06-21 00:00:00+00:00,39245
2024-06-22 00:00:00+00:00,39257
2024-06-23 00:00:00+00:00,39269
2024-06-24 00:00:00+00:00,39284
2024-06-25 00:00:00+00:00,39312
2024-06-26 00:00:00+00:00,39321
2024-06-27 00:00:00+00:00,39335
2024-06-28 00:00:00+00:00,39349
2024-06-29 00:00:00+00:00,39368
2024-06-30 00:00:00+00:00,39375
2024-07-01 00:00:00+00:00,39392
2024-07-02 00:00:00+00:00,39422
2024-07-03 00:00:00+00:00,39442
2024-07-04 00:00:00+00:00,39462
2024-07-05 00:00:00+00:00,39479
2024-07-06 00:00:00+00:00,39499
2024-07-07 00:00:00+00:00,39513
2024-07-08 00:00:00+00:00,39533
2024-07-09 00:00:00+00:00,39569
2024-07-10 00:00:00+00:00,39604
2024-07-11 00:00:00+00:00,39634
2024-07-12 00:00:00+00:00,39660
2024-07-13 00:00:00+00:00,39684
2024-07-14 00:00:00+00:00,39720
2024-07-15 00:00:00+00:00,39747
2024-07-16 00:00:00+00:00,39776
2024-07-17 00:00:00+00:00,39799
2024-07-18 00:00:00+00:00,39841
2024-07-19 00:00:00+00:00,39865
2024-07-20 00:00:00+00:00,39876
2024-07-21 00:00:00+00:00,39897
2024-07-22 00:00:00+00:00,39909
2024-07-23 00:00:00+00:00,39924
2024-07-24 00:00:00+00:00,39949
2024-07-25 00:00:00+00:00,39965
2024-07-26 00:00:00+00:00,39981
2024-07-27 00:00:00+00:00,39995
2024-07-28 00:00:00+00:00,40006
2024-07-29 00:00:00+00:00,40025
2024-07-30 00:00:00+00:00,40042
2024-07-31 00:00:00+00:00,40055
2024-08-01 00:00:00+00:00,40074
2024-08-02 00:00:00+00:00,40094
2024-08-03 00:00:00+00:00,40102
2024-08-04 00:00:00+00:00,40116
2024-08-05 00:00:00+00:00,40129
2024-08-06 00:00:00+00:00,40143
2024-08-07 00:00:00+00:00,40163
2024-08-08 00:00:00+00:00,40178
2024-08-09 00:00:00+00:00,40189
2024-08-10 00:00:00+00:00,40200
2024-08-11 00:00:00+00:00,40209
2024-08-12 00:00:00+00:00,40219
2024-08-13 00:00:00+00:00,40235
2024-08-14 00:00:00+00:00,40261
2024-08-15 00:00:00+00:00,40281
2024-08-16 00:00:00+00:00,40297
2024-08-17 00:00:00+00:00,40304
2024-08-18 00:00:00+00:00,40318
2024-08-19 00:00:00+00:00,40326
2024-08-20 00:00:00+00:00,40339
2024-08-21 00:00:00+00:00,40351
2024-08-22 00:00:00+00:00,40365
2024-08-23 00:00:00+00:00,40374
2024-08-24 00:00:00+00:00,40381
2024-08-25 00:00:00+00:00,40392
2024-08-26 00:00:00+00:00,40404
2024-08-27 00:00:00+00:00,40414
2024-08-28 00:00:00+00:00,40429
2024-08-29 00:00:00+00:00,40442
2024-08-30 00:00:00+00:00,40450
2024-08-31 00:00:00+00:00,40458
2024-09-01 00:00:00+00:00,40465
2024-09-02 00:00:00+00:00,40482
2024-09-03 00:00:00+00:00,40495
2024-09-04 00:00:00+00:00,40510
2024-09-05 00:00:00+00:00,40515
2024-09-06 00:00:00+00:00,40528
2024-09-07 00:00:00+00:00,40541
2024-09-08 00:00:00+00:00,40551
2024-09-09 00:00:00+00:00,40562
2024-09-10 00:00:00+00:00,40567
2024-09-11 00:00:00+00:00,40573
2024-09-12 00:00:00+00:00,40589
2024-09-13 00:00:00+00:00,40603
2024-09-14 00:00:00+00:00,40613
2024-09-15 00:00:00+00:00,40635
2024-09-16 00:00:00+00:00,40650
2024-09-17 00:00:00+00:00,40661
2024-09-18 00:00:00+00:00,40682
2024-09-19 00:00:00+00:00,40710
2024-09-20 00:00:00+00:00,40730
2024-09-21 00:00:00+00:00,40741
2024-09-22 00:00:00+00:00,40762
2024-09-23 00:00:00+00:00,40784
2024-09-24 00:00:00+00:00,40800
2024-09-25 00:00:00+00:00,40816
2024-09-26 00:00:00+00:00,40822
2024-09-27 00:00:00+00:00,40831
2024-09-28 00:00:00+00:00,40838
2024-09-29 00:00:00+00:00,40849
2024-09-30 00:00:00+00:00,40859
2024-10-01 00:00:00+00:00,40865
2024-10-02 00:00:00+00:00,40881
2024-10-03 00:00:00+00:00,40902
2024-10-04 00:00:00+00:00,40909
2024-10-05 00:00:00+00:00,40917
2024-10-06 00:00:00+00:00,40929
2024-10-07 00:00:00+00:00,40940
2024-10-08 00:00:00+00:00,40951
2024-10-09 00:00:00+00:00,40960
2024-10-10 00:00:00+00:00,40968
2024-10-11 00:00:00+00:00,40977
2024-10-12 00:00:00+00:00,40993
2024-10-13 00:00:00+00:00,40996
2024-10-14 00:00:00+00:00,41008
2024-10-15 00:00:00+00:00,41021
2024-10-16 00:00:00+00:00,41034
2024-10-17 00:00:00+00:00,41038
2024-10-18 00:00:00+00:00,41048
2024-10-19 00:00:00+00:00,41056
2024-10-20 00:00:00+00:00,41064
2024-10-21 00:00:00+00:00,41073
2024-10-22 00:00:00+00:00,41081
2024-10-23 00:00:00+00:00,41088
2024-10-24 00:00:00+00:00,41106
2024-10-25 00:00:00+00:00,41119
2024-10-26 00:00:00+00:00,41130
2024-10-27 00:00:00+00:00,41143
2024-10-28 00:00:00+00:00,41155
2024-10-29 00:00:00+00:00,41165
2024-10-30 00:00:00+00:00,41176
2024-10-31 00:00:00+00:00,41186
2024-11-01 00:00:00+00:00,41195
2024-11-02 00:00:00+00:00,41206
2024-11-03 00:00:00+00:00,41210
2024-11-04 00:00:00+00:00,41214
2024-11-05 00:00:00+00:00,41224
2024-11-06 00:00:00+00:00,41231
2024-11-07 00:00:00+00:00,41248
2024-11-08 00:00:00+00:00,41253
2024-11-09 00:00:00+00:00,41268
2024-11-10 00:00:00+00:00,41274
2024-11-11 00:00:00+00:00,41287
2024-11-12 00:00:00+00:00,41303
2024-11-13 00:00:00+00:00,41317
2024-11-14 00:00:00+00:00,41327
2024-11-15 00:00:00+00:00,41336
2024-11-16 00:00:00+00:00,41341
2024-11-17 00:00:00+00:00,41352
2024-11-18 00:00:00+00:00,41361
2024-11-19 00:00:00+00:00,41374
2024-11-20 00:00:00+00:00,41392
2024-11-21 00:00:00+00:00,41406
2024-11-22 00:00:00+00:00,41417
2024-11-23 00:00:00+00:00,41430
2024-11-24 00:00:00+00:00,41437
2024-11-25 00:00:00+00:00,41451
2024-11-26 00:00:00+00:00,41461
2024-11-27 00:00:00+00:00,41471
2024-11-28 00:00:00+00:00,41481
2024-11-29 00:00:00+00:00,41487
2024-11-30 00:00:00+00:00,41492
2024-12-01 00:00:00+00:00,41500
2024-12-02 00:00:00+00:00,41507
2024-12-03 00:00:00+00:00,41526
2024-12-04 00:00:00+00:00,41541
2024-12-05 00:00:00+00:00,41555
2024-12-06 00:00:00+00:00,41567
2024-12-07 00:00:00+00:00,41573
2024-12-08 00:00:00+00:00,41584
2024-12-09 00:00:00+00:00,41599
2024-12-10 00:00:00+00:00,41607
2024-12-11 00:00:00+00:00,41617
2024-12-12 00:00:00+00:00,41626
2024-12-13 00:00:00+00:00,41635
2024-12-14 00:00:00+00:00,41650
2024-12-15 00:00:00+00:00,41660
2024-12-16 00:00:00+00:00,41669
2024-12-17 00:00:00+00:00,41685
2024-12-18 00:00:00+00:00,41697
2024-12-19 00:00:00+00:00,41708
2024-12-20 00:00:00+00:00,41719
2024-12-21 00:00:00+00:00,41724
2024-12-22 00:00:00+00:00,41736
2024-12-23 00:00:00+00:00,41754
2024-12-24 00:00:00+00:00,41779
2024-12-25 00:00:00+00:00,41799
2024-12-26 00:00:00+00:00,41815
2024-12-27 00:00:00+00:00,41831
2024-12-28 00:00:00+00:00,41848
2024-12-29 00:00:00+00:00,41859
2024-12-30 00:00:00+00:00,41866
2024-12-31 00:00:00+00:00,41878
2025-01-01 00:00:00+00:00,41882
2025-01-02 00:00:00+00:00,41899
2025-01-03 00:00:00+00:00,41917
2025-01-04 00:00:00+00:00,41926
2025-01-05 00:00:00+00:00,41939
2025-01-06 00:00:00+00:00,41958
2025-01-07 00:00:00+00:00,41974
2025-01-08 00:00:00+00:00,41983
2025-01-09 00:00:00+00:00,42001
2025-01-10 00:00:00+00:00,42016
2025-01-11 00:00:00+00:00,42027
2025-01-12 00:00:00+00:00,42039
2025-01-13 00:00:00+00:00,42054
2025-01-14 00:00:00+00:00,42087
2025-01-15 00:00:00+00:00,42099
2025-01-16 00:00:00+00:00,42119
2025-01-17 00:00:00+00:00,42129
2025-01-18 00:00:00+00:00,42142
2025-01-19 00:00:00+00:00,42150
2025-01-20 00:00:00+00:00,42167
2025-01-21 00:00:00+00:00,42180
2025-01-22 00:00:00+00:00,42194
2025-01-23 00:00:00+00:00,42208
2025-01-24 00:00:00+00:00,42219
2025-01-25 00:00:00+00:00,42228
2025-01-26 00:00:00+00:00,42238
2025-01-27 00:00:00+00:00,42249
2025-01-28 00:00:00+00:00,42261
2025-01-29 00:00:00+00:00,42271
2025-01-30 00:00:00+00:00,42281
2025-01-31 00:00:00+00:00,42291
2025-02-01 00:00:00+00:00,42300
2025-02-02 00:00:00+00:00,42311
2025-02-03 00:00:00+00:00,42320
2025-02-04 00:00:00+00:00,42335
2025-02-05 00:00:00+00:00,42348
2025-02-06 00:00:00+00:00,42363
2025-02-07 00:00:00+00:00,42382
2025-02-08 00:00:00+00:00,42399
2025-02-09 00:00:00+00:00,42414
2025-02-10 00:00:00+00:00,42432
2025-02-11 00:00:00+00:00,42444
2025-02-12 00:00:00+00:00,42460
2025-02-13 00:00:00+00:00,42469
2025-02-14 00:00:00+00:00,42478
2025-02-15 00:00:00+00:00,42485
2025-02-16 00:00:00+00:00,42501
2025-02-17 00:00:00+00:00,42516
2025-02-18 00:00:00+00:00,42535
2025-02-19 00:00:00+00:00,42551
2025-02-20 00:00:00+00:00,42562
2025-02-21 00:00:00+00:00,42576
2025-02-22 00:00:00+00:00,42585
2025-02-23 00:00:00+00:00,42597
2025-02-24 00:00:00+00:00,42607
2025-02-25 00:00:00+00:00,42627
2025-02-26 00:00:00+00:00,42640
2025-02-27 00:00:00+00:00,42664
2025-02-28 00:00:00+00:00,42681
2025-03-01 00:00:00+00:00,42691
2025-03-02 00:00:00+00:00,42701
2025-03-03 00:00:00+00:00,42709
2025-03-04 00:00:00+00:00,42720
2025-03-05 00:00:00+00:00,42732
2025-03-06 00:00:00+00:00,42743
2025-03-07 00:00:00+00:00,42764
2025-03-08 00:00:00+00:00,42788
2025-03-09 00:00:00+00:00,42809
2025-03-10 00:00:00+00:00,42839
2025-03-11 00:00:00+00:00,42856
2025-03-12 00:00:00+00:00,42875
2025-03-13 00:00:00+00:00,42900
2025-03-14 00:00:00+00:00,42924
2025-03-15 00:00:00+00:00,42933
2025-03-16 00:00:00+00:00,42946
2025-03-17 00:00:00+00:00,42963
2025-03-18 00:00:00+00:00,42974
2025-03-19 00:00:00+00:00,42991
2025-03-20 00:00:00+00:00,43012
2025-03-21 00:00:00+00:00,43027
2025-03-22 00:00:00+00:00,43035
2025-03-23 00:00:00+00:00,43048
2025-03-24 00:00:00+00:00,43070
2025-03-25 00:00:00+00:00,43080
2025-03-26 00:00:00+00:00,43094
2025-03-27 00:00:00+00:00,43108
2025-03-28 00:00:00+00:00,43121
2025-03-29 00:00:00+00:00,43136
2025-03-30 00:00:00+00:00,43147
2025-03-31 00:00:00+00:00,43156
2025-04-01 00:00:00+00:00,43169
2025-04-02 00:00:00+00:00,43179
2025-04-03 00:00:00+00:00,43187
2025-04-04 00:00:00+00:00,43204
2025-04-05 00:00:00+00:00,43211
2025-04-06 00:00:00+00:00,43220
2025-04-07 00:00:00+00:00,43233
2025-04-08 00:00:00+00:00,43240
2025-04-09 00:00:00+00:00,43248
2025-04-10 00:00:00+00:00,43258
2025-04-11 00:00:00+00:00,43267
2025-04-12 00:00:00+00:00,43272
2025-04-13 00:00:00+00:00,43281
2025-04-14 00:00:00+00:00,43294
2025-04-15 00:00:00+00:00,43301
2025-04-16 00:00:00+00:00,43314
2025-04-17 00:00:00+00:00,43325
2025-04-18 00:00:00+00:00,43330
2025-04-19 00:00:00+00:00,43341
2025-04-20 00:00:00+00:00,43351
2025-04-21 00:00:00+00:00,43365
2025-04-22 00:00:00+00:00,43376
2025-04-23 00:00:00+00:00,43389
2025-04-24 00:00:00+00:00,43399
2025-04-25 00:00:00+00:00,43408
2025-04-26 00:00:00+00:00,43414
2025-04-27 00:00:00+00:00,43426
2025-04-28 00:00:00+00:00,43433
2025-04-29 00:00:00+00:00,43448
2025-04-30 00:00:00+00:00,43458
2025-05-01 00:00:00+00:00,43461
2025-05-02 00:00:00+00:00,43465
2025-05-03 00:00:00+00:00,43478
2025-05-04 00:00:00+00:00,43488
2025-05-05 00:00:00+00:00,43501
2025-05-06 00:00:00+00:00,43507
2025-05-07 00:00:00+00:00,43517
2025-05-08 00:00:00+00:00,43525
2025-05-09 00:00:00+00:00,43534
2025-05-10 00:00:00+00:00,43540
2025-05-11 00:00:00+00:00,43545
2025-05-12 00:00:00+00:00,43549
2025-05-13 00:00:00+00:00,43563
2025-05-14 00:00:00+00:00,43570
2025-05-15 00:00:00+00:00,43577
2025-05-16 00:00:00+00:00,43587
2025-05-17 00:00:00+00:00,43592
2025-05-18 00:00:00+00:00,43599
2025-05-19 00:00:00+00:00,43608
2025-05-20 00:00:00+00:00,43615
2025-05-21 00:00:00+00:00,43624
2025-05-22 00:00:00+00:00,43632
2025-05-23 00:00:00+00:00,43643
2025-05-24 00:00:00+00:00,43647
2025-05-25 00:00:00+00:00,43650
2025-05-26 00:00:00+00:00,43660
2025-05-27 00:00:00+00:00,43670
2025-05-28 00:00:00+00:00,43675
2025-05-29 00:00:00+00:00,43685
2025-05-30 00:00:00+00:00,43691
2025-05-31 00:00:00+00:00,43701
2025-06-01 00:00:00+00:00,43711
2025-06-02 00:00:00+00:00,43723
2025-06-03 00:00:00+00:00,43732
2025-06-04 00:00:00+00:00,43743
2025-06-05 00:00:00+00:00,43756
2025-06-06 00:00:00+00:00,43764
2025-06-07 00:00:00+00:00,43773
2025-06-08 00:00:00+00:00,43781
2025-06-09 00:00:00+00:00,43791
2025-06-10 00:00:00+00:00,43801
2025-06-11 00:00:00+00:00,43811
2025-06-12 00:00:00+00:00,43825
2025-06-13 00:00:00+00:00,43836
2025-06-14 00:00:00+00:00,43846
2025-06-15 00:00:00+00:00,43854
2025-06-16 00:00:00+00:00,43862
2025-06-17 00:00:00+00:00,43867
2025-06-18 00:00:00+00:00,43874
2025-06-19 00:00:00+00:00,43884
2025-06-20 00:00:00+00:00,43892
2025-06-21 00:00:00+00:00,43903
2025-06-22 00:00:00+00:00,43908
2025-06-23 00:00:00+00:00,43917
2025-06-24 00:00:00+00:00,43927
2025-06-25 00:00:00+00:00,43933
2025-06-26 00:00:00+00:00,43940
2025-06-27 00:00:00+00:00,43949
2025-06-28 00:00:00+00:00,43957
2025-06-29 00:00:00+00:00,43967
2025-06-30 00:00:00+00:00,43974
2025-07-01 00:00:00+00:00,43977
2025-07-02 00:00:00+00:00,43987
2025-07-03 00:00:00+00:00,43996
2025-07-04 00:00:00+00:00,44002
2025-07-05 00:00:00+00:00,44008
2025-07-06 00:00:00+00:00,44014
2025-07-07 00:00:00+00:00,44023
2025-07-08 00:00:00+00:00,44036
2025-07-09 00:00:00+00:00,44041
2025-07-10 00:00:00+00:00,44048
2025-07-11 00:00:00+00:00,44058
2025-07-12 00:00:00+00:00,44073
2025-07-13 00:00:00+00:00,44080
2025-07-14 00:00:00+00:00,44090
2025-07-15 00:00:00+00:00,44093
2025-07-16 00:00:00+00:00,44107
2025-07-17 00:00:00+00:00,44116
2025-07-18 00:00:00+00:00,44124
2025-07-19 00:00:00+00:00,44134
2025-07-20 00:00:00+00:00,44141
2025-07-21 00:00:00+00:00,44149
2025-07-22 00:00:00+00:00,44157
2025-07-23 00:00:00+00:00,44164
2025-07-24 00:00:00+00:00,44171
2025-07-25 00:00:00+00:00,44180
2025-07-26 00:00:00+00:00,44182
2025-07-27 00:00:00+00:00,44189
2025-07-28 00:00:00+00:00,44195
2025-07-29 00:00:00+00:00,44202
2025-07-30 00:00:00+00:00,44208
2025-07-31 00:00:00+00:00,44221
2025-08-01 00:00:00+00:00,44232
2025-08-02 00:00:00+00:00,44241
2025-08-03 00:00:00+00:00,44249
2025-08-04 00:00:00+00:00,44253
2025-08-05 00:00:00+00:00,44260
2025-08-06 00:00:00+00:00,44273
2025-08-07 00:00:00+00:00,44279
2025-08-08 00:00:00+00:00,44288
2025-08-09 00:00:00+00:00,44294
2025-08-10 00:00:00+00:00,44299
2025-08-11 00:00:00+00:00,44311
2025-08-12 00:00:00+00:00,44319
2025-08-13 00:00:00+00:00,44331
2025-08-14 00:00:00+00:00,44338
2025-08-15 00:00:00+00:00,44343
2025-08-16 00:00:00+00:00,44354
2025-08-17 00:00:00+00:00,44357
2025-08-18 00:00:00+00:00,44359
2025-08-19 00:00:00+00:00,44365
2025-08-20 00:00:00+00:00,44372
2025-08-21 00:00:00+00:00,44382
2025-08-22 00:00:00+00:00,44387
2025-08-23 00:00:00+00:00,44391
2025-08-24 00:00:00+00:00,44398
2025-08-25 00:00:00+00:00,44406
2025-08-26 00:00:00+00:00,44414
2025-08-27 00:00:00+00:00,44420
2025-08-28 00:00:00+00:00,44428
2025-08-29 00:00:00+00:00,44437
2025-08-30 00:00:00+00:00,44440
2025-08-31 00:00:00+00:00,44447
2025-09-01 00:00:00+00:00,44453
2025-09-02 00:00:00+00:00,44459
2025-09-03 00:00:00+00:00,44466
2025-09-04 00:00:00+00:00,44470
2025-09-05 00:00:00+00:00,44478
2025-09-06 00:00:00+00:00,44480
2025-09-07 00:00:00+00:00,44488
2025-09-08 00:00:00+00:00,44498
2025-09-09 00:00:00+00:00,44503
2025-09-10 00:00:00+00:00,44510
2025-09-11 00:00:00+00:00,44514
2025-09-12 00:00:00+00:00,44520
2025-09-13 00:00:00+00:00,44521
2025-09-14 00:00:00+00:00,44529
2025-09-15 00:00:00+00:00,44537
2025-09-16 00:00:00+00:00,44543
2025-09-17 00:00:00+00:00,44549
2025-09-18 00:00:00+00:00,44551
2025-09-19 00:00:00+00:00,44561
2025-09-20 00:00:00+00:00,44569
2025-09-21 00:00:00+00:00,44570
2025-09-22 00:00:00+00:00,44573
2025-09-23 00:00:00+00:00,44578
2025-09-24 00:00:00+00:00,44584
2025-09-25 00:00:00+00:00,44594
2025-09-26 00:00:00+00:00,44603
2025-09-27 00:00:00+00:00,44606
2025-09-28 00:00:00+00:00,44615
2025-09-29 00:00:00+00:00,44624
2025-09-30 00:00:00+00:00,44631
2025-10-01 00:00:00+00:00,44635
2025-10-02 00:00:00+00:00,44642
2025-10-03 00:00:00+00:00,44648
2025-10-04 00:00:00+00:00,44660
2025-10-05 00:00:00+00:00,44664
2025-10-06 00:00:00+00:00,44672
2025-10-07 00:00:00+00:00,44677
2025-10-08 00:00:00+00:00,44684
2025-10-09 00:00:00+00:00,44696
2025-10-10 00:00:00+00:00,44703
2025-10-11 00:00:00+00:00,44707
2025-10-12 00:00:00+00:00,44713
2025-10-13 00:00:00+00:00,44724
2025-10-14 00:00:00+00:00,44732
2025-10-15 00:00:00+00:00,44736
2025-10-16 00:00:00+00:00,44739
2025-10-17 00:00:00+00:00,44748
2025-10-18 00:00:00+00:00,44755
2025-10-19 00:00:00+00:00,44769
2025-10-20 00:00:00+00:00,44776
2025-10-21 00:00:00+00:00,44782
2025-10-22 00:00:00+00:00,44788
2025-10-23 00:00:00+00:00,44796
2025-10-24 00:00:00+00:00,44807
2025-10-25 00:00:00+00:00,44823
2025-10-26 00:00:00+00:00,44828
2025-10-27 00:00:00+00:00,44841
2025-10-28 00:00:00+00:00,44850
2025-10-29 00:00:00+00:00,44855
2025-10-30 00:00:00+00:00,44860
2025-10-31 00:00:00+00:00,44866
2025-11-01 00:00:00+00:00,44868
2025-11-02 00:00:00+00:00,44878
2025-11-03 00:00:00+00:00,44882
2025-11-04 00:00:00+00:00,44894
2025-11-05 00:00:00+00:00,44902
2025-11-06 00:00:00+00:00,44914
2025-11-07 00:00:00+00:00,44925
2025-11-08 00:00:00+00:00,44929
2025-11-09 00:00:00+00:00,44934
2025-11-10 00:00:00+00:00,44944
2025-11-11 00:00:00+00:00,44951
2025-11-12 00:00:00+00:00,44957
2025-11-13 00:00:00+00:00,44961
2025-11-14 00:00:00+00:00,44967
2025-11-15 00:00:00+00:00,44973
2025-11-16 00:00:00+00:00,44979
2025-11-17 00:00:00+00:00,44995
2025-11-18 00:00:00+00:00,45004
2025-11-19 00:00:00+00:00,45011
2025-11-20 00:00:00+00:00,45026
2025-11-21 00:00:00+00:00,45029
2025-11-22 00:00:00+00:00,45034
2025-11-23 00:00:00+00:00,45037
2025-11-24 00:00:00+00:00,45058
2025-11-25 00:00:00+00:00,45067
2025-11-26 00:00:00+00:00,45076
2025-11-27 00:00:00+00:00,45094
2025-11-28 00:00:00+00:00,45101
2025-11-29 00:00:00+00:00,45105
2025-11-30 00:00:00+00:00,45107
2025-12-01 00:00:00+00:00,45117
2025-12-02 00:00:00+00:00,45122
2025-12-03 00:00:00+00:00,45132
2025-12-04 00:00:00+00:00,45145
2025-12-05 00:00:00+00:00,45152
2025-12-06 00:00:00+00:00,45158
2025-12-07 00:00:00+00:00,45164
2025-12-08 00:00:00+00:00,45168
2025-12-09 00:00:00+00:00,45175
2025-12-10 00:00:00+00:00,45178
2025-12-11 00:00:00+00:00,45190
2025-12-12 00:00:00+00:00,45198
2025-12-13 00:00:00+00:00,45201
2025-12-14 00:00:00+00:00,45210
2025-12-15 00:00:00+00:00,45216
2025-12-16 00:00:00+00:00,45226
2025-12-17 00:00:00+00:00,45234
2025-12-18 00:00:00+00:00,45235
2025-12-19 00:00:00+00:00,45241
2025-12-20 00:00:00+00:00,45244
2025-12-21 00:00:00+00:00,45251
2025-12-22 00:00:00+00:00,45258
2025-12-23 00:00:00+00:00,45262
2025-12-24 00:00:00+00:00,45265
2025-12-25 00:00:00+00:00,45275
2025-12-26 00:00:00+00:00,45279
2025-12-27 00:00:00+00:00,45287
2025-12-28 00:00:00+00:00,45294
2025-12-29 00:00:00+00:00,45299
2025-12-30 00:00:00+00:00,45316
2025-12-31 00:00:00+00:00,45344
2026-01-01 00:00:00+00:00,45347
2026-01-02 00:00:00+00:00,45350
2026-01-03 00:00:00+00:00,45355
2026-01-04 00:00:00+00:00,45363
2026-01-05 00:00:00+00:00,45368
2026-01-06 00:00:00+00:00,45373
2026-01-07 00:00:00+00:00,45386
2026-01-08 00:00:00+00:00,45397
2026-01-09 00:00:00+00:00,45402
2026-01-10 00:00:00+00:00,45406
2026-01-11 00:00:00+00:00,45413
2026-01-12 00:00:00+00:00,45422
2026-01-13 00:00:00+00:00,45429
2026-01-14 00:00:00+00:00,45439
2026-01-15 00:00:00+00:00,45444
2026-01-16 00:00:00+00:00,45453
2026-01-17 00:00:00+00:00,45458
2026-01-18 00:00:00+00:00,45462
2026-01-19 00:00:00+00:00,45468
2026-01-20 00:00:00+00:00,45484
2026-01-21 00:00:00+00:00,45492
2026-01-22 00:00:00+00:00,45502
2026-01-23 00:00:00+00:00,45508
2026-01-24 00:00:00+00:00,45514
2026-01-25 00:00:00+00:00,45516
2026-01-26 00:00:00+00:00,45529
2026-01-27 00:00:00+00:00,45537
2026-01-28 00:00:00+00:00,45543
2026-01-29 00:00:00+00:00,45551
2026-01-30 00:00:00+00:00,45559
2026-01-31 00:00:00+00:00,45566
2026-02-01 00:00:00+00:00,45572
2026-02-02 00:00:00+00:00,45582
2026-02-03 00:00:00+00:00,45594
2026-02-04 00:00:00+00:00,45600
2026-02-05 00:00:00+00:00,45608
2026-02-06 00:00:00+00:00,45618
2026-02-07 00:00:00+00:00,45622
2026-02-08 00:00:00+00:00,45633
2026-02-09 00:00:00+00:00,45638
2026-02-10 00:00:00+00:00,45644
2026-02-11 00:00:00+00:00,45654
2026-02-12 00:00:00+00:00,45660
2026-02-13 00:00:00+00:00,45663
2026-02-14 00:00:00+00:00,45669
2026-02-15 00:00:00+00:00,45675
2026-02-16 00:00:00+00:00,45678
2026-02-17 00:00:00+00:00,45682
2026-02-18 00:00:00+00:00,45686
2026-02-19 00:00:00+00:00,45689
2026-02-20 00:00:00+00:00,45694
2026-02-21 00:00:00+00:00,45704
2026-02-22 00:00:00+00:00,45711
2026-02-23 00:00:00+00:00,45720
2026-02-24 00:00:00+00:00,45726
2026-02-25 00:00:00+00:00,45728
2026-02-26 00:00:00+00:00,45735
2026-02-27 00:00:00+00:00,45745
2026-02-28 00:00:00+00:00,45750
2026-03-01 00:00:00+00:00,45759
2026-03-02 00:00:00+00:00,45763
2026-03-03 00:00:00+00:00,45771
2026-03-04 00:00:00+00:00,45782
2026-03-05 00:00:00+00:00,45789
2026-03-06 00:00:00+00:00,45797
2026-03-07 00:00:00+00:00,45803
2026-03-08 00:00:00+00:00,45813
2026-03-09 00:00:00+00:00,45828
2026-03-10 00:00:00+00:00,45839
2026-03-11 00:00:00+00:00,45850
2026-03-12 00:00:00+00:00,45874
2026-03-13 00:00:00+00:00,45891
2026-03-14 00:00:00+00:00,45901
2026-03-15 00:00:00+00:00,45906
2026-03-16 00:00:00+00:00,45915
2026-03-17 00:00:00+00:00,45925
2026-03-18 00:00:00+00:00,45938
2026-03-19 00:00:00+00:00,45943
2026-03-20 00:00:00+00:00,45955
2026-03-21 00:00:00+00:00,45967
2026-03-22 00:00:00+00:00,45973
2026-03-23 00:00:00+00:00,45980
2026-03-24 00:00:00+00:00,45991
2026-03-25 00:00:00+00:00,46006
2026-03-26 00:00:00+00:00,46020
2026-03-27 00:00:00+00:00,46029
2026-03-28 00:00:00+00:00,46035
2026-03-29 00:00:00+00:00,46046
2026-03-30 00:00:00+00:00,46062
2026-03-31 00:00:00+00:00,46068
2026-04-01 00:00:00+00:00,46085
2026-04-02 00:00:00+00:00,46095
2026-04-03 00:00:00+00:00,46108
2026-04-04 00:00:00+00:00,46117
2026-04-05 00:00:00+00:00,46124
2026-04-06 00:00:00+00:00,46130
2026-04-07 00:00:00+00:00,46146
2026-04-08 00:00:00+00:00,46159
2026-04-09 00:00:00+00:00,46168
2026-04-10 00:00:00+00:00,46182
2026-04-11 00:00:00+00:00,46191
2026-04-12 00:00:00+00:00,46201
2026-04-13 00:00:00+00:00,46208
2026-04-14 00:00:00+00:00,46216
2026-04-15 00:00:00+00:00,46228
2026-04-16 00:00:00+00:00,46239
2026-04-17 00:00:00+00:00,46249
2026-04-18 00:00:00+00:00,46259
2026-04-19 00:00:00+00:00,46266
2026-04-20 00:00:00+00:00,46274
2026-04-21 00:00:00+00:00,46290
2026-04-22 00:00:00+00:00,46302
2026-04-23 00:00:00+00:00,46313
2026-04-24 00:00:00+00:00,46323
2026-04-25 00:00:00+00:00,46331
2026-04-26 00:00:00+00:00,46337
2026-04-27 00:00:00+00:00,46346
2026-04-28 00:00:00+00:00,46359
2026-04-29 00:00:00+00:00,46370
2026-04-30 00:00:00+00:00,46380
2026-05-01 00:00:00+00:00,46386
2026-05-02 00:00:00+00:00,46393
2026-05-03 00:00:00+00:00,46403
2026-05-04 00:00:00+00:00,46407
2026-05-05 00:00:00+00:00,46413
2026-05-06 00:00:00+00:00,46428
2026-05-07 00:00:00+00:00,46433
2026-05-08 00:00:00+00:00,46441
2026-05-09 00:00:00+00:00,46443
2026-05-10 00:00:00+00:00,46451
2026-05-11 00:00:00+00:00,46460
2026-05-12 00:00:00+00:00,46474
2026-05-13 00:00:00+00:00,46487
2026-05-14 00:00:00+00:00,46493
2026-05-15 00:00:00+00:00,46501
2026-05-16 00:00:00+00:00,46513
2026-05-17 00:00:00+00:00,46521
2026-05-18 00:00:00+00:00,46530
2026-05-19 00:00:00+00:00,46538
2026-05-20 00:00:00+00:00,46545
2026-05-21 00:00:00+00:00,46553
2026-05-22 00:00:00+00:00,46561
2026-05-23 00:00:00+00:00,46565
2026-05-24 00:00:00+00:00,46571
2026-05-25 00:00:00+00:00,46581
2026-05-26 00:00:00+00:00,46590
2026-05-27 00:00:00+00:00,46598
2026-05-28 00:00:00+00:00,46609
2026-05-29 00:00:00+00:00,46621
2026-05-30 00:00:00+00:00,46628
2026-05-31 00:00:00+00:00,46639
2026-06-01 00:00:00+00:00,46644
2026-06-02 00:00:00+00:00,46652
2026-06-03 00:00:00+00:00,46657
2026-06-04 00:00:00+00:00,46667
2026-06-05 00:00:00+00:00,46674
2026-06-06 00:00:00+00:00,46679
2026-06-07 00:00:00+00:00,46684
2026-06-08 00:00:00+00:00,46693
2026-06-09 00:00:00+00:00,46699
2026-06-10 00:00:00+00:00,46700
2026-06-11 00:00:00+00:00,46703
2026-06-12 00:00:00+00:00,46709
2026-06-13 00:00:00+00:00,46714
2026-06-14 00:00:00+00:00,46718
2026-06-15 00:00:00+00:00,46727
2026-06-16 00:00:00+00:00,46732
2026-06-17 00:00:00+00:00,46737
2026-06-18 00:00:00+00:00,46743
2026-06-19 00:00:00+00:00,46751
2026-06-20 00:00:00+00:00,46757
2026-06-21 00:00:00+00:00,46763
2026-06-22 00:00:00+00:00,46768
2026-06-23 00:00:00+00:00,46780
2026-06-24 00:00:00+00:00,46796
2026-06-25 00:00:00+00:00,46808
2026-06-26 00:00:00+00:00,46818
2026-06-27 00:00:00+00:00,46821
2026-06-28 00:00:00+00:00,46829
2026-06-29 00:00:00+00:00,46833
2026-06-30 00:00:00+00:00,46847
2026-07-01 00:00:00+00:00,46860
2026-07-02 00:00:00+00:00,46871
